{
  "type": "minecraft:crafting_shaped",
  "pattern": [
    "  #",
    " -G",
    "-  "
  ],
  "key": {
    "#": {
      "item": "immersive_portals:portal_helper"
    },
    "-": {
      "item": "minecraft:stick"
    },
    "G": {
      "item": "minecraft:gold_nugget"
    }
  },
  "result": {
    "item": "immersive_portals:command_stick",
    "count": 1,
    "nbt": "{nameTranslationKey:\"imm_ptl.command.rotate_z\",descriptionTranslationKeys:[\"imm_ptl.command_desc.rotate_z\"],command:\"/portal rotate_portal_rotation_along z 15\"}"
  }
}