{
  "type": "minecraft:crafting_shaped",
  "pattern": [
    "  #",
    " -R",
    "-  "
  ],
  "key": {
    "#": {
      "item": "immersive_portals:portal_helper"
    },
    "-": {
      "item": "minecraft:stick"
    },
    "R": {
      "item": "minecraft:redstone"
    }
  },
  "result": {
    "item": "immersive_portals:command_stick",
    "count": 1,
    "nbt": "{nameTranslationKey:\"imm_ptl.command.delete_portal\",descriptionTranslationKeys:[\"imm_ptl.command_desc.delete_portal\"],command:\"/portal delete_portal\"}"
  }
}
